,,,,
INDICE,COLOR,TIPO,TEXTO,FLAVOR
1,Verde,Personajes,El Pollo Brito,"El hombre que es capaz de meterle un solo de cuatro y un ""¡Epa!"" a cualquier canción del mundo, incluyendo el reguetón más oscuro o una de Metallica."
2,Verde,Personajes,"Nagueboná, Vladimir","El reclamo viral que repetimos sin saber bien por qué"
3,Verde,Personajes,Miguel Cabrera,Un señor que batea pelotazos a 400 pies de distancia en el imperio pero que celebra los triunfos con un flow de malandro de Maracay
4,Verde,Personajes,El Gocho,"El ser más trabajador, amable y respetuoso del país, hasta que maneja un camión de verduras bajando la autopista a 120 km/h sin frenos."
5,Verde,Personajes,El Valenciano,"Ciudadano de la capital del ""Epa, pana"". Se rumorea que nacen con una camisa de marca y un odio natural hacia los caraqueños."
6,Verde,Personajes,El Caraqueño,"Alguien que cree que después de los túneles de Tazón todo lo demás es ""monte y culebra"", aunque sufre tres horas de cola para comprar pan."
7,Verde,Personajes,El Oriental,"Todo es 'a la orden, vale'; vive entre playa, pesca y relax"
8,Verde,Personajes,El Maracucho,"El único ser humano capaz de usar el ""¡Qué molleja!"" como sustantivo, verbo, adjetivo y declaración de guerra, todo bajo un calor de 42°C."
9,Verde,Personajes,Maite Delgado,"El estándar de elegancia nacional. Si ella no dice ""¡Buenas noches, Poliedro!"", el evento simplemente no cuenta."
10,Verde,Personajes,Deyna Castellanos,"La mujer que demostró que en Venezuela el fútbol también se juega con clase, tacos y goles de media cancha que dejan a los hombres llorando."
11,Verde,Personajes,El bachaquero de la esquina,"Un economista empírico que no estudió en Harvard, pero te calcula el cambio del dólar flotante, paralelo y del futuro en tres segundos."
12,Verde,Espanto,El Silbón,"Un gigantón con complejo de músico frustrado que carga un saco de huesos. Si lo escuchas lejos, corre a rezar; si lo escuchas cerca... bueno, ya no importa."
13,Verde,Espanto,La Sayona,La pesadilla de los hombres infieles. 
14,Verde,Espanto,La Loca Luz Caraballo,El personaje andino que perdió la cuenta de los hijos y la cordura. La excusa perfecta que usan tus amigos cuando andas buscando algo y no lo encuentras.
15,Verde,Personajes,El Doctor Knoche,El mismísimo Dr. Frankenstein del Ávila. 
16,Verde,Personajes,Ánima del Purgatorio,"A la que le prenden una vela para que cuide el carro o ayude a pasar el examen. Eso sí, si le quedas mal, te jala las patas a medianoche."
17,Verde,Dichos,"""Quedar como novia de pueblo""","El estado máximo de la decepción. Vestido, alborotado y esperando en la plaza por algo que obviamente nunca iba a llegar."
18,Verde,Dichos,"""Ponerse las alpargatas""","El aviso oficial de que la situación se puso color de hormiga. Porque lo que viene no es joropo, es rock pesado."
19,Verde,Dichos,"""Echarle Bolas""","El acto heroico de trabajar duro contra todo pronóstico, la luz, el agua y CANTV, con una sonrisa en la cara."
20,Verde,Dichos,"""Más perdido que el hijo de Lindbergh""",¿El hijo de quien?
21,Verde,Dichos,"""Matar un tigre""",El arte de la supervivencia económica. Hacer tres trabajos extra que no tienen nada que ver con tu profesión para poder llegar a la quincena.
22,Verde,Comida,"Un perro caliente ""Con Todo"" a las 3:00 a.m.","Una obra de arte de la ingeniería callejera que desafía las leyes de la gravedad y de la digestión. Lleva repollo, papitas y 14 salsas misteriosas."
23,Verde,Comida,"La empanada ""Operada""","Una empanada normal a la que abren a la mitad sin piedad para meterle queso, carne, tajada y todo lo que quepa. Ingeniería pura."
24,Verde,Comida,Queso guayanés derretido,El único material en el universo capaz de estirarse desde la mesa hasta la boca de tu vecino sin romperse.
25,Verde,Comida,"Una arepa de ""Dominó""","La combinación perfecta de caraotas negras y queso blanco. Deliciosa para el paladar, peligrosa para los que duermen contigo esa noche."
26,Verde,Comida,"El ""Pegao"" de la olla de arroz",El oro crujiente del fondo de la olla por el cual los hermanos menores están dispuestos a batirse a duelo con cucharas de palo.
27,Verde,Musica,Mercedes,El cuento de la vaca que se metió en el caño por floja y el caimán la agarró. La metáfora venezolana perfecta para el que se busca sus propios problemas.
28,Verde,Musica,Venezuela,El himno sentimental que hace llorar instantáneamente a cualquier venezolano que esté a más de 50 kilómetros de la frontera.
29,Verde,Musica,El Alma Llanera,"La señal internacional de que la fiesta SE ACABÓ. Si suena esto, recoge tus cosas, busca tus zapatos y vete, porque van a prender las luces blancas."
30,Verde,Musica,1 y 1 es igual a 3,El himno oficial del infiel arrepentido que intenta usar matemáticas creativas para explicar por qué lo vieron con otra en el centro comercial.
31,Verde,Musica,Llorarás,La canción que te hace bailar salsa aunque tengas dos pies izquierdos y estés sufriendo por un amor que te dejó limpio.
32,Verde,Musica,"El ""Cumpleaños Feliz""","La tortura psicológica de 15 minutos donde te cantan cuatro canciones distintas, te meten el ""ay, qué noche tan preciosa"" y terminas con dolor de aplaudir."
33,Verde,Guachafitas,"""Al fondo hay puesto""","La mentira más grande del transporte público. El ""fondo"" no existe, es una dimensión desconocida donde la gente viaja flotando."
34,Verde,Guachafitas,"Un ""bajón"" de luz justo cuando vas a guardar la tesis","El microinfarto nacional. El momento exacto donde ves la pantalla negra y recuerdas que no habías apretado ""Control + G"" desde 2023."
35,Verde,Personajes,La tía que te manda cadenas de Piolín por WhatsApp,"Tu dosis diaria de ""Bendiciones, sobrino"" acompañada de un GIF brillante que pesa 45 megabytes y te colapsa la memoria del teléfono."
36,Verde,Guachafitas,"El ""Vuelto"" en caramelos","La moneda de curso legal impuesta por los comercios. Nadie sabe cuántos mentados de menta equivalen a un dólar, pero todos los aceptamos."
37,Verde,Guachafitas,Un chisme en el trabajo,Información clasificada que corre más rápido que la fibra óptica de Cantv y que muta tres veces antes de llegar a la oficina del jefe.
38,Verde,Guachafitas,Quedarse sin agua a mitad del baño,El drama trágico caribeño. El instante en que descubres que el tanque falló y te toca buscar el tobito con los ojos cerrados.
39,Verde,Guachafitas,"El pana que dice ""Voy saliendo""","El manejo de la física cuántica del tiempo. Su ""voy saliendo"" significa que llegará en dos horas y probablemente oliendo a jabón recién usado."
40,Verde,Guachafitas,Juego de dominó un domingo por la tarde,"Un deporte extremo donde se habla de política, se toma cerveza, se grita y se tranca la cochina con violencia dramática sobre la mesa."
41,Verde,Guachafitas,Motorizado esquivando la lluvia bajo un puente,Una convención espontánea de 40 personas con impermeables que trancan la autopista mientras esperan que pase la nube.
42,Verde,Guachafitas,El olor a tierra mojada cuando empieza mayo,La señal de la naturaleza de que preparen los tobos porque se viene el invierno (y las goteras del techo).
43,Verde,Personajes,"La ""Chola"" de tu mamá",El único proyectil teledirigido del mundo que dobla las esquinas de la casa para impactar con precisión milimétrica en tu cabeza.
44,Verde,Evento,Un Caracas-Magallanes,"El evento que divide familias, destruye noviazgos y paraliza al país por el simple placer de decirle al otro ""llorón""."
45,Verde,Personajes,El señor que vende helados en la playa,Un atleta de alto rendimiento que camina 15 kilómetros sobre la arena caliente cargando un cajón de anime mientras grita sin micrófono.
46,Verde,Guachafitas,"""Háblame, chamo""","El saludo universal que puede significar desde un cordial ""buenos días"" hasta un ""estás en problemas y necesito que me expliques""."
47,Verde,Objetos,Carro con los amortiguadores vencidos,Un vehículo que parece una licuadora andante y te hace sentir cada piedrita de la carretera directo en los riñones.
48,Verde,Guachafitas,"El ""Toque de queda"" de la abuela","Las 9:00 p.m. Después de esa hora, si no estás en la casa, asume que estás en las noticias o que ya no formas parte de la familia."
49,Verde,Personajes,Lila Morillo,El verdadero misterio de la ciencia venezolana. Se rumorea que tiene el secreto de la eterna juventud y que sobrevivirá al fin del mundo junto a los coquitos.
50,Verde,Personajes,Er Conde del Guácharo,"El embajador honorario de la ""mamadera de gallo"". Capaz de hacerte reír y ofenderte al mismo tiempo con una sola palabra de cuatro letras."
51,Verde,Personajes,Oscar D'León,El hombre que tiene más energía a las 3:00 a.m. que cualquier joven de 20 años después de tres cafés. ¡Sabroooso!
52,Verde,Comida,Una empanada de cazón en la playa,"Manjar de los dioses que sabe mejor si viene acompañada de salsa de ajo, un chorrito de limón y moscas apuradas por probarla."
53,Verde,Comida,Una empanada de queso en la playa,"Chamo, ¿de verdad?"
54,Verde,Comida,La última papa frita del plato,"El motivo real por el cual se han terminado grandes amistades y matrimonios en este país. Se mira, pero no se toca sin permiso."
55,Verde,Comida,Un Toddy bien frío,"El abrazo en un vaso que cura el mal de amor, el cansancio y cualquier crisis existencial. Dejar los grumos arriba es ley."
56,Verde,Comida,Pirulín,"La moneda de cambio emocional más valiosa del mercado. Si te regalan uno de los grandes, es amor verdadero."
57,Verde,Objetos,Un autobús con la música a todo volumen,Una discoteca móvil con olor a gasoil donde el chofer cree que está compitiendo en la Fórmula 1 y es el DJ al mismo tiempo.
58,Verde,Evento,La cola de la gasolina,"El club social interactivo más grande del país. Donde juegas dominó, haces amigos para toda la vida y replanteas tu futuro a las 4:00 a.m."
59,Verde,Objetos,La calor Maracucha,"Un fenómeno termodinámico que te hace sentir que estás caminando directamente sobre la superficie del sol, pero con un cepillao en la mano."
60,Verde,Evento,Bajón de luz,El enemigo silencioso que te hace saltar de la cama a las 2:00 a.m. a desenchufar la nevera como si fueras un experto en desactivar bombas.
61,Verde,Guachafitas,"El ""Te lo dije"" de tu Mamá","La frase más temida, precisa y científicamente comprobada de la historia. Tiene un 100% de efectividad y duele más que un chancletazo."
62,Verde,Guachafitas,"El ""Ahorita""","Unidad de tiempo indeterminada que puede significar: en 5 minutos, en 3 horas, el próximo mes o, más probablemente, NUNCA."
63,Verde,Personajes,La sifrina,"Habla con una papa en la boca y sufre si el lugar no tiene aire acondicionado. Jura que es de la realeza, pero se le va la luz igual que a ti."
64,Verde,Personajes,"""Malandro"" de cartón","Camina de lado, habla grueso y dice que domina la zona, pero cuando escucha un triquitraqui sale corriendo a esconderse detrás de su mamá."
65,Verde,Personajes,Sugar daddy,Un señor con canas y billetera gorda cuyo único superpoder real es pasar la tarjeta de crédito sin mirar el monto en el punto de venta.
66,Verde,Personajes,La tía evangélica y chismosa,"Te dice que vas directo al infierno por tus tatuajes y tus salidas los viernes, pero se sabe la vida íntima de todos los vecinos de la cuadra."
67,Verde,Personajes,El pana que se cree influencer,"Graba historias mostrando los músculos en el gimnasio, tiene 200 seguidores y le pide prestado al papá para pagar la cuenta."
68,Verde,Personajes,La bendecida y afortunada,"Modelo de redes sociales que viaja a playas exóticas ""trabajando duro"". Su mayor esfuerzo laboral es posar al lado de un señor de 70 años."
69,Verde,Personajes,El bachaquero de la esquina,"Un economista callejero que te calcula el cambio del dólar paralelo, el de mañana y el del mes que viene en tres segundos."
70,Verde,Personajes,Maracucho picado,Un volcán andante de groserías regionales. Capaz de insultar a tus ancestros solo porque le dijiste que en su ciudad hace mucho calor.
71,Verde,Personajes,Gocho despechado,"El peligro hecho ternura. Se toma una botella de licor artesanal, llora con música llanera y llama a la ex a las 3:00 a.m. para pedirle perdón cantadito."
72,Verde,Personajes,La arrecha de barrio,El ser más peligroso del planeta si le quitan el puesto en la cola. Te arma un escándalo que incluye desprendimiento de uñas y pérdida de dignidad.
73,Verde,Personajes,El sabelotodo de la familia,"Ese tío que opina de política, medicina, mecánica y física cuántica con la misma seguridad con la que se toma el tercer ron de la tarde."
74,Verde,Personajes,Amigo de lo ajeno,"Ese personaje que te pide un cigarro, un trago o una empanada y termina consumiéndose la mitad de tus provisiones con toda la frescura del mundo."
75,Verde,Personajes,El vecino fastidioso del condominio,El que pasa el día vigilando quién deja la basura fuera de lugar o quién hace ruido a las 8:01 p.m. para poner la queja en el grupo de WhatsApp.
76,Verde,Personajes,La que no rompe un plato,"Cara de ángel que va a misa los domingos, pero en las fiestas se toma hasta el agua de los floreros y se besa con tres amigos en la misma noche."
77,Verde,Personajes,La tóxica,Tu ex revisando tus historias de Instagram desde un perfil creado hace cinco minutos con la foto de un perrito tierno.
78,Verde,Personajes,El duende que te esconde las llaves,Un ser maligno que habita en todas las casas. Hace que las llaves desaparezcan y luego aparezcan mágicamente en el mismo lugar donde ya buscaste diez veces.
79,Verde,Dichos,"""Gastar pólvora en zamuro""",El acto inútil de intentar enamorar a esa persona que sabes perfectamente que se escribe con medio planeta y no te va a parar ni media bola.
80,Verde,Dichos,"""Chivo que se devuelve se esnuca""","La ley de oro de la mala junta. Si ya dijiste que te ibas a tomar la última fría, te la tomas; arrepentirse a última hora es de cobardes."
81,Verde,Dichos,"""Morder el peine""","Caer redondito en la trampa de tu pareja cuando te pregunta de forma inocente: ""Mi amor, ¿quién es esa persona que te dio 'me gusta'?"""
82,Verde,Guachafitas,Sacar el culo,El arte de la evasión cuando ves venir de lejos al conocido fastidioso que siempre te pide dinero prestado o quiere que le hagas un favor gratis.
83,Verde,Objetos,"El ""rompe colchón""","Un cóctel de mariscos que promete propiedades afrodisíacas milagrosas, pero que por lo general solo te garantiza pasar tres días metido en el baño."
84,Verde,Objetos,La salsita de ajo sospechosa del carrito callejero,"Tiene tres días fuera de la nevera bajo el sol, pero le da ese sabor adictivo que te hace volver a pesar del riesgo de tifoidea."
85,Verde,Objetos,Anís con yogurt de fresa,La bebida oficial de las plazas públicas. Una mezcla satánica que sabe a jarabe para la tos pero te borra la memoria en media hora.
86,,Objetos,Una chicha con exceso de leche condensada,Un cemento estomacal tan denso y dulce que te drena la energía y te obliga a dormir una siesta de cinco horas.
87,,Objetos,Sopa de mondongo con pata de vaca,Un caldo espeso capaz de revivir a un muerto por resaca o de matar a un vivo por indigestión fulminante.
88,,Objetos,El guayoyo amargo de oficina,"Un café que parece agua de paraguas, hecho con la colada del día anterior, que solo sirve para mantenerte alterado y con acidez."
89,,Objetos,Vallenato cortavenas a las 4:00 a.m.,"El detonante definitivo para que los hombres barbudos empiecen a llorar, abracen a sus amigos y llamen a la ex diciendo ""te extraño""."
90,,Personajes,Sandy y Papo,"La música que despierta los instintos de baile prohibidos en cualquier tía de más de 50 años en medio de la sala, ""Eh Eh, es hora de bailar""."
91,,Objetos,Reguetón viejo (2006),Ese que saca tu lado más alegre y te hace olvidar por completo que tienes un título universitario y dos diplomados.
92,,Objetos,La hora loca,El momento exacto donde la elegancia de la fiesta se va al demonio y el cumpleañero termina gateando con una corbata amarrada en la frente.
93,,Objetos,Salsa brava,"Música que te hace bailar en una ""baldoza"" y te da una excusa para abrazar a tu pareja de turno."
94,,Objetos,"El ""visto"" azul de WhatsApp",Esos diez minutos de silencio sepulcral donde revisas si todavía tienes pulso mientras esperas a ver si te mandan a lavarte ese culo.
95,,Guachafitas,Tarjeta rechazada por fondos insuficientes,El momento más humillante de la existencia humana. Deseas que la tierra se abra y te trague junto con el código 51.
96,,Evento,Quedarse sin papel tualé en baño ajeno,"El drama existencial donde revisas desesperadamente el basurero, el rollo vacío y terminas sacrificando una media."
97,,Evento,Ir a un motel y encontrarte un conocido,Una situación de alta tensión donde ambos se miran a través del parabrisas y firman un pacto implícito de silencio absoluto.
98,,Personajes,El mecánico,"Un cirujano automotriz que le cambia un tornillo a tu carro, te habla con términos inventados y te deja limpio por los próximos tres meses."
99,,Personajes,La reunión de condominio,El evento anual donde los vecinos decentes se transforman en gladiadores romanos por culpa de una filtración o de una mascota inquieta.
100,,Personajes,"El conocido que te invita a ""ser tu propio jefe""",Un estafador piramidal con traje alquilado que te cita en un café para explicarte cómo ganar millones vendiendo batidos o monedas virtuales.
101,,Evento,Revisar el teléfono de tu pareja mientras se baña,"Un deporte extremo no apto para cardíacos. Sabes que el que busca encuentra, pero igual ahí estás tú intentando adivinar la clave."
102,,Evento,Hacerse el dormido en el autobús para no dar el puesto,Un acto de bajeza moral donde ensayas tu mejor cara de coma profundo mientras sientes la mirada juzgadora de todo el colectivo.
103,,Objetos,Un piropo de albañil con exceso de creatividad,Una construcción poética callejera tan explícita y ordinaria que te hace dudar de si te están halagando o te están amenazando.
104,,Personajes,El pana que se vuelve insoportable con dos tragos,"Pasa de ser un tipo tranquilo a querer pelear con el mesonero, romper un vaso y confesarle su amor a la novia de su mejor amigo."
105,,Personajes,El parquero de la calle,Un guía que solo aparece cuando vas a arrancar para pedirte una colaboración por haber visto cómo chocabas contra el poste.
106,,Evento,"""A la derecha ciudadano""","El momento donde sudas frío, te acuerdas de todos tus pecados y rezas para que no se den cuenta de que tienes el documento vencido."
107,,Evento,Comer caraotas tres días seguidos,Una decisión gastronómica deliciosa que se convierte en una bomba de tiempo si tienes una reunión en una oficina pequeña con aire acondicionado.
108,,Objetos,La rumba en el estacionamiento de una licorería,"Abrir la maleta del carro, poner la música a todo volumen, tomar de un vaso plástico y creerse el dueño del mundo hasta que llega la patrulla."
109,,Objetos,Un tatuaje barato hecho en una sala,Una obra de arte que se suponía era un león imponente y terminó pareciendo un gato desnutrido con mala actitud.
110,,Objetos,Mudanza hecha en el techo de un carro pequeño,"Amarrar una nevera, una lavadora y dos colchones con un solo mecate y subir la autopista rezándole a todos los santos."
111,,Objetos,El pre-despacho antes de ir a la discoteca,"Tomarse media botella de ron barato en la sala de tu casa para no gastar adentro, y llegar tan borracho que el portero no te deja entrar."
112,,Evento,"Ya te hice la transferencia, debe estar por caer",La estafa digital más usada para ganar unas horas de paz con el cobrador mientras consigues el dinero de verdad.
113,,Personajes,El gordito del grupo que siempre tiene calor,Un pana que suda como tapa de olla de presión a los dos minutos de apagar el aire acondicionado y te suplica que prendas el ventilador.
114,,Objetos,Un dolor de barriga repentino en plena calle,La verdadera prueba de fe. Cuando tienes que usar todo tu control mental y espiritual para no pasar una vergüenza histórica en la avenida.
115,,Evento,Ir a la playa y que llueva a los cinco minutos,"La salazón astronómica que arruina el viaje, te moja las empanadas y te obliga a regresarte lleno de arena y frustración."
116,,Objetos,El último trago,Ese vaso misterioso que te tomas a las 5:00 a.m. y te hace prometerle a Dios que más nunca vuelves a tocar el alcohol.
117,,Personajes,Eladio Lárez,"El caballero de la televisión. Un señor tan elegante y correcto que juras que duerme en traje y que te mira con decepción si fallas una pregunta tonta. ""¿Estás seguro?"""
118,,Personajes,Valentina Quintero,"La mujer que ha dormido en todas las posadas y ha comido empanada en todas las carreteras del mapa. si dice que un rancho con piso de tierra es ""espectacular"", tú vas con los ojos cerrados."
119,,Personajes,Osmel Sousa,El hombre que destruyó la autoestima de tres generaciones de mujeres con solo mirarlas de arriba a abajo.
120,,Personajes,Gilberto Correa,La voz oficial de las borracheras elegantes del Poliedro. El señor tenía tanta clase que podía anunciar que venía el fin del mundo y tú aplaudías pensando que era una atracción internacional de Sábado Sensacional.
121,,Personajes,Renny Ottolina,"El fantasma al que todos invocan cuando quieren decir que ""antes todo era mejor""."
122,,Personajes,Daniel Sarcos,"El animador que basó toda su carrera en correr por el escenario, abrazar señoras mayores de la emoción y gritar ""¡Guerra de los sexos!"" a todo pulmón."
123,,Personajes,Viviana Gibelli,"La mujer que perfeccionó el arte de fingir demencia en televisión en vivo mientras lidiaba con hombres intensos, concursos absurdos de meter las manos en urnas con cucarachas y coreografías baratas."
124,,Personajes,Mimí Lazo,La mujer que facturó millones enseñándole a las mujeres despechadas del país que la culpa de su infelicidad siempre es de un hombre sin oficio.
125,,Personajes,Norkys Batista,Una mujer con un cuerpo espectacular pero con una boca que parece un callejón sin salida a las 3:00 a.m.
126,,Personajes,Edgar Ramírez,El chamo que logró el milagro de salir de las novelas baratas de la tarde venezolana para terminar actuando con Robert De Niro.
127,,Personajes,La mujer de Judas,El juego de terror psicológico más grande de la televisión. Tenías a seis viejas millonarias vestidas de novia matando gente a diestra y siniestra. 
128,,Personajes,Mi gorda bella,"Agarraron a una actriz espectacular, la metieron en un traje de goma que parecía un muñeco de Michelin, y nos querían convencer de que nadie se daba cuenta del truco."
129,,Personajes,Voltea pa' que te enamores,"La novela que convenció a las sifrinas de que era buena idea salir con el mecánico o el mototaxista de la esquina porque ""el amor todo lo puede"". Un peligro para la economía familiar."
130,,Personajes,Yulimar Rojas,"Una chama de dos metros que salta tan lejos que viola las leyes de la física y de la gravedad, mientras celebra rompiendo récords mundiales bailando salsa brava frente a los europeos estiraos."
131,,Personajes,Salomón Rondón,"El ""Gladiador"". Un tanque humano cuya única estrategia es chocar contra defensas uruguayos o brasileños como si fuera una buseta sin frenos bajando por la autopista Caracas-La Guaira."
132,,Personajes,Juan Arango,El hombre que tenía un pacto con el diablo en la pierna izquierda.
133,,Personajes,Greivis Vásquez,"El chamo que llegó a la NBA metiendo puro ""chalequeo"" caribeño."
134,,Personajes,Bob Abreu,"""El Comedulce"". Un tipo tan relajado para jugar que parecía que estaba jugando béisbol en la playa con una cerveza en la mano, pero igual te metía un jonrón y te robaba la base en tus narices."
135,,Personajes,Rubén Limardo,El carajito que se fue a Londres con una espada a ganarse una medalla de oro en esgrima (un deporte que en Venezuela solo se practica cuando te van a atracar con un cuchillo).
136,,Personajes,Pastor Maldonado,"El piloto de Fórmula 1 que convirtió las carreras de autos en un juego de carritos chocones de feria. Sabías que el chamo corría rápido, pero la apuesta real en el país era ver en qué vuelta se iba a estrellar."
137,,Personajes,Simón Díaz,El único hombre capaz de cantarle a una vaca enferma o a un caballo viejo y hacer que un malandro de discoteca se ponga a llorar de la nostalgia en plena borrachera.
138,,Personajes,Emilio Lovera,"El hombre que tiene secuestradas todas las voces del país. Si Emilio Lovera se muere, nos quedamos sin el 90% de los personajes cómicos, locutores de radio y borrachos icónicos de la cultura pop."
139,,Personajes,Ricardo Montaner,"El cantautor que vive en una secta familiar gigante en Miami donde todos cantan, todos se visten igual y todos le dan las gracias a Dios por las regalías de las canciones de telenovela de los 90."
140,,Personajes,Gustavo Dudamel,El director de orquesta que mueve las manos como si estuviera espantando un enjambre de avispas africanas mientras los sifrinos de Europa lo aplauden pensando que está interpretando a Beethoven con pasión caribeña.
141,,Personajes,Dayana Mendoza,Una mujer tan absurdamente bella que hacía que las demás candidatas del Miss Universo parecieran las primas feas que invitas a la fiesta por obligación. Su nivel de perfección roza la ilegalidad.
142,,Personajes,José Luis Rodríguez,"El hombre del copete indestructible que se cambió de religión, cambió de familia y ahora vive en Miami dándole consejos espirituales a la gente."
143,,Personajes,Servando y Florentino,Los hermanos que causaron que la mitad de las adolescentes de los 90 perdieran la virginidad mental (y real) en un concierto.
144,,Personajes,Winston Vallenilla,"El animador que vendió su alma al canal del Estado a cambio de poder gritar ""¡Familiaaa!"""
145,,Personajes,Luis Chataing,Su negocio era burlarse de los políticos en la mañana para que la gente atrapada en la cola de la autopista se riera en vez de pegarse un tiro.
146,,Personajes,Juan Gabriel en el Teresa Carreño,Un mexicano cantando despechos mientras los hombres más machistas del país lloraban abrazados tomando whisky de 18 años.
147,,Personajes,Chino y Nacho,Dos chamos que empezaron cantando reguetón ordinario en las discotecas de Caracas y terminaron ganando Grammys en Miami
148,,Personajes,Reinaldo Armas,El cantante de música llanera que tiene el récord nacional de haber musicalizado la mayor cantidad de borracheras con caña clara.
149,,Personajes,La Vinotinto de las Eliminatorias,"Una secta masoquista nacional basada en la frase ""Mano, tengo fe""."
150,,Personajes,Leones del Caracas,Los fanáticos más insoportables del béisbol caribeño.
151,,Personajes,Navegantes del Magallanes,La mitad del país que se viste de pavo real cada vez que le ganan un juego a Caracas.
152,,Personajes,Roque Valero,El cantautor de los sifrinos despechados que pasó de cantar baladas lloronas en RCTV a ganarse un puesto en la asamblea política del gobierno por puro amor al presupuesto nacional.
153,,Personajes,Jeremías,"El cantante flojo que sacó un solo disco exitoso, inventó una teoría matemática absurda para justificar la infidelidad"
154,,Personajes,Hany Kauam,El cantautor con pinta de indigente chic que musicalizó todos los despechos de bachillerato en el 2007.
155,,Personajes,Antonio Ledezma,"""¡SE ESTÁN LLEVANDO A LEDEZMA! ¡SE ESTÁN LLEVANDO A LEDEZMA!""."
156,,Personajes,Juan Guaidó,El presidente interino de Narnia.
157,,,Henrique Capriles,El eterno perdedor con gorra tricolor.
158,,,Diosdi,"Si hablas paja, te va a tocar calarte el calabozo."
159,,,Chiave,"Nadie sabe bien quién es, pero todos lo nombran"
160,,,El Bigoton,Famoso por hablar con pajaritos que reencarnan
161,,,,
162,,,,
163,,,,
164,,,,
165,,,,
166,,,,
167,,,,
168,,,,
169,,,,
170,,,,
171,,,,
172,,,,
173,,,,
174,,,,
175,,,,
176,,,,
177,,,,
178,,,,
179,,,,
180,,,,
181,,,,
182,,,,
183,,,,
184,,,,
185,,,,
186,,,,
187,,,,
188,,,,
189,,,,
190,,,,
191,,,,
192,,,,
193,,,,
194,,,,
195,,,,
196,,,,
197,,,,
198,,,,
199,,,,
200,,,,
201,,,,
202,,,,
203,,,,
204,,,,
205,,,,
206,,,,
207,,,,
208,,,,
209,,,,
210,,,,
211,,,,
212,,,,
213,,,,
214,,,,
215,,,,
216,,,,
217,,,,
218,,,,
219,,,,
220,,,,
221,,,,
222,,,,
223,,,,
224,,,,
225,,,,
226,,,,
227,,,,
228,,,,
229,,,,
230,,,,
231,,,,
232,,,,
233,,,,
234,,,,
235,,,,
236,,,,
237,,,,
238,,,,
239,,,,
240,,,,
241,,,,
242,,,,
243,,,,
244,,,,
245,,,,
246,,,,
247,,,,
248,,,,
249,,,,
250,,,,
251,,,,
252,,,,
253,,,,
254,,,,
255,,,,
256,,,,
257,,,,
258,,,,
259,,,,
260,,,,
261,,,,
262,,,,
263,,,,
264,,,,
265,,,,
266,,,,
267,,,,
268,,,,
269,,,,
270,,,,
271,,,,
272,,,,
273,,,,
274,,,,
275,,,,
276,,,,
277,,,,
278,,,,
279,,,,
280,,,,
281,,,,
282,,,,
283,,,,
284,,,,
285,,,,
286,,,,
287,,,,
288,,,,
289,,,,
290,,,,
291,,,,
292,,,,
293,,,,
294,,,,
295,,,,
296,,,,
297,,,,
298,,,,
299,,,,
300,,,,
301,,,,
302,,,,
303,,,,
304,,,,
305,,,,
306,,,,
307,,,,
308,,,,
309,,,,
310,,,,
311,,,,
312,,,,
313,,,,
314,,,,
315,,,,
316,,,,
317,,,,
318,,,,
319,,,,
320,,,,
321,,,,
322,,,,
323,,,,
324,,,,
325,,,,
326,,,,
327,,,,
328,,,,
329,,,,
330,,,,
331,,,,
332,,,,
333,,,,
334,,,,
335,,,,
336,,,,
337,,,,
338,,,,
339,,,,
340,,,,
341,,,,
342,,,,
343,,,,
344,,,,
345,,,,
346,,,,
347,,,,
348,,,,
349,,,,
350,,,,
351,,,,
352,,,,
353,,,,
354,,,,
355,,,,
356,,,,
357,,,,
358,,,,
359,,,,
360,,,,
361,,,,
362,,,,
363,,,,
364,,,,
365,,,,
366,,,,
367,,,,
368,,,,
369,,,,
370,,,,
371,,,,
372,,,,
373,,,,
374,,,,
375,,,,
376,,,,
377,,,,
378,,,,
379,,,,
380,,,,
381,,,,
382,,,,
383,,,,
384,,,,
385,,,,
386,,,,
387,,,,
388,,,,
389,,,,
390,,,,
391,,,,
392,,,,
393,,,,
394,,,,
395,,,,
396,,,,
397,,,,
398,,,,
399,,,,
400,,,,
401,,,,
402,,,,
403,,,,
404,,,,
405,,,,
406,,,,
407,,,,
408,,,,
409,,,,
410,,,,
411,,,,
412,,,,
413,,,,
414,,,,
415,,,,
416,,,,
417,,,,
418,,,,
419,,,,
420,,,,
421,,,,
422,,,,
423,,,,
424,,,,
425,,,,
426,,,,
427,,,,
428,,,,
429,,,,
430,,,,
431,,,,
432,,,,
433,,,,
434,,,,
435,,,,
436,,,,
437,,,,
438,,,,
439,,,,
440,,,,
441,,,,
442,,,,
443,,,,
444,,,,
445,,,,
446,,,,
447,,,,
448,,,,
449,,,,
450,,,,
451,,,,
452,,,,
453,,,,
454,,,,
455,,,,
456,,,,
457,,,,
458,,,,
459,,,,
460,,,,
461,,,,
462,,,,
463,,,,
464,,,,
465,,,,
466,,,,
467,,,,
468,,,,
469,,,,
470,,,,
471,,,,
472,,,,
473,,,,
474,,,,
475,,,,
476,,,,
477,,,,
478,,,,
479,,,,
480,,,,
481,,,,
482,,,,
483,,,,
484,,,,
485,,,,
486,,,,
487,,,,
488,,,,
489,,,,
490,,,,
491,,,,
492,,,,
493,,,,
494,,,,
495,,,,
496,,,,
497,,,,
498,,,,
499,,,,
500,,,,
501,,,,
502,,,,
503,,,,
504,,,,
505,,,,
506,,,,
507,,,,
508,,,,
509,,,,
510,,,,
511,,,,
512,,,,
513,,,,
514,,,,
515,,,,
516,,,,
517,,,,
518,,,,
519,,,,
520,,,,
521,,,,
522,,,,
523,,,,
524,,,,
525,,,,
526,,,,
527,,,,
528,,,,
529,,,,
530,,,,
531,,,,
532,,,,
533,,,,
534,,,,
535,,,,
536,,,,
537,,,,
538,,,,
539,,,,
540,,,,
541,,,,
542,,,,
543,,,,
544,,,,
545,,,,
546,,,,
547,,,,
548,,,,
549,,,,
550,,,,
551,,,,
552,,,,
553,,,,
554,,,,
555,,,,
556,,,,
557,,,,
558,,,,
559,,,,
560,,,,
561,,,,
562,,,,
563,,,,
564,,,,
565,,,,
566,,,,
567,,,,
568,,,,
569,,,,
570,,,,
571,,,,
572,,,,
573,,,,
574,,,,
575,,,,
576,,,,
577,,,,
578,,,,
579,,,,
580,,,,
581,,,,
582,,,,
583,,,,
584,,,,
585,,,,
586,,,,
587,,,,
588,,,,
589,,,,
590,,,,
591,,,,
592,,,,
593,,,,
594,,,,
595,,,,
596,,,,
597,,,,
598,,,,
599,,,,
600,,,,
601,,,,
602,,,,
603,,,,
604,,,,
605,,,,
606,,,,
607,,,,
608,,,,
609,,,,
610,,,,
611,,,,
612,,,,
613,,,,
614,,,,
615,,,,
616,,,,
617,,,,
618,,,,
619,,,,
620,,,,
621,,,,
622,,,,
623,,,,
624,,,,
625,,,,
626,,,,
627,,,,
628,,,,
629,,,,
630,,,,
631,,,,
632,,,,
633,,,,
634,,,,
635,,,,
636,,,,
637,,,,
638,,,,
639,,,,
640,,,,
641,,,,
642,,,,
643,,,,
644,,,,
645,,,,
646,,,,
647,,,,
648,,,,
649,,,,
650,,,,